id;name;dob;nationality
1;seize productize;2022-08-30T20:53:41;management Customizable Route
2;Usability wireless;2022-08-30T22:50:43;River Nepal systems
3;Metrics;2022-08-30T19:42:30;generating
4;Baby Denar;2022-08-30T07:43:30;system Quetzal Product
5;COM;2022-08-30T16:56:07;Research Paradigm SAS
6;Loan Keyboard grow;2022-08-30T11:11:49;Mississippi Producer
7;white Borders;2022-08-30T19:27:45;navigate Avon
8;Tanzanian Road;2022-08-30T18:19:44;object-oriented
9;Electronics Future Markets;2022-08-30T13:03:28;Buckinghamshire Village blue
10;tan reciprocal Concrete;2022-08-30T16:51:19;revolutionize Bedfordshire matrix
