id;name;director;country;writer;duration;publish_date;content_summary
1;white Berkshire;content primary Uruguay;Liberia;deposit incentivize structure;29107;2022-08-30T22:51:37;Gibraltar interactive Account
2;payment generating;deposit;Uganda;Kuna;9872;2022-08-31T00:13:47;Automotive
3;Associate;Seamless Factors grow;Equatorial Guinea;compressing Metal Shoes;39283;2022-08-30T16:09:39;adapter
4;Peso;neural;Sweden;Cambridgeshire;87229;2022-08-30T07:35:53;Rubber Rubber
5;virtual alarm Dollar;Home Handmade Solutions;Monaco;models function;18528;2022-08-30T06:48:07;Fresh
6;background;Awesome Dollar;Bulgaria;Incredible;65740;2022-08-30T09:30:54;sensor
7;web-enabled;Intelligent;Guam;Dollar) User-friendly;72929;2022-08-30T05:03:48;Ball success Handmade
8;rich;Pizza;Malta;Parkway;50617;2022-08-30T12:13:23;Card copying Assurance
9;BEAC;Wooden Tuna;Mayotte;Borders;54846;2022-08-30T10:31:03;Auto
10;Music niches Bedfordshire;parse focus;Germany;Applications generation;20674;2022-08-30T23:22:54;payment
