id;name;img;img_content_type
1;Refined Fresh Chicken;../fake-data/blob/hipster.png;image/png
2;Concrete Books;../fake-data/blob/hipster.png;image/png
3;Refined;../fake-data/blob/hipster.png;image/png
4;Isle Function-based Jewelery;../fake-data/blob/hipster.png;image/png
5;withdrawal Program;../fake-data/blob/hipster.png;image/png
6;Handmade Wooden Shirt;../fake-data/blob/hipster.png;image/png
7;Cambridgeshire;../fake-data/blob/hipster.png;image/png
8;PCI transmitter;../fake-data/blob/hipster.png;image/png
9;Lake vortals;../fake-data/blob/hipster.png;image/png
10;multi-tasking Connecticut;../fake-data/blob/hipster.png;image/png
